Serie;num_sitrep;date_donnees;regime;statut
Hebdo 2025;54;06 au12/01/2025;Hebdo;Présent
Hebdo 2025;71;19 au 25/05/2025;Hebdo;Présent
Hebdo 2025;73;02 au 08/06/2025;Hebdo;Présent
Journalier;83;11/11/2024;Journalier;Présent
Journalier;90;30/11/2024;Journalier;Présent
Journalier;91;02/12/2024;Journalier;Présent
Journalier;92;03/12/2024;Journalier;Présent
Journalier;93;04/12/2024;Journalier;Présent
Journalier;96;10/12/2024;Journalier;Présent
Journalier;97;12/12/2024;Journalier;Présent
Journalier;98;14/12/2024;Journalier;Présent
Journalier;99;16/12/2024;Journalier;Présent
Journalier;100;20/12/2024;Journalier;Présent
Journalier;101;23/12/2024;Journalier;Présent
Journalier;107;30/12/2024;Journalier;Présent
Journalier;109;07/01/2025;Journalier;Présent
Journalier;104;08/01/2025;Journalier;Présent
Journalier;105;17/01/2025;Journalier;Présent
Journalier;107;21/01/2025;Journalier;Présent
Journalier;109;28/01/2025;Journalier;Présent
Journalier;110;03/02/2025;Journalier;Présent
Journalier;110;05/02/2025;Journalier;Présent
Journalier;112;08/02/2025;Journalier;Présent
Journalier;116;26/02/2025;Journalier;Présent
Journalier;117;03/03/2025;Journalier;Présent
Journalier;118;05/03/2025;Journalier;Présent
Journalier;119;06/03/2025;Journalier;Présent
Hebdo 2024;9;22 au 28/04/2024;Hebdo;Présent
Hebdo 2024;10;10 au 14/03/2024;Hebdo;Présent
